<?xml version="1.0" encoding="UTF-8"?>
<configuration>

    <property name="log.base.value" value="/coast/promotion/logs"/>
    <property name="log.root.level.value" value="DEBUG"/>
    <property name="app.name" value="deploymenttool"/>
    <timestamp key="bySecond" datePattern="yyyyMMdd'T'HHmmss"/>

    <!-- Standard Output -->
    <appender name="FILE" class="ch.qos.logback.core.rolling.RollingFileAppender">
        <File>${log.base.value}/${app.name}-access.log</File>
        <rollingPolicy class="ch.qos.logback.core.rolling.TimeBasedRollingPolicy">
            <fileNamePattern>${log.base.value}/%d{yyyy-MM-dd}/${app.name}-access-%d{yyyy-MM-dd}-%i.log</fileNamePattern>
            <timeBasedFileNamingAndTriggeringPolicy
                    class="ch.qos.logback.core.rolling.SizeAndTimeBasedFNATP">
                <!-- or whenever the file size reaches 20MB -->
                <maxFileSize>50MB</maxFileSize>
            </timeBasedFileNamingAndTriggeringPolicy>
            <maxHistory>30</maxHistory>
        </rollingPolicy>
        <encoder>
            <pattern>[%date{yyyy-MM-dd HH:mm:ss.SSS}]-[%r]-[%t]-[%p]-[%logger]-[%C.%M]-[%line] %.-10000m%n</pattern>
        </encoder>
    </appender>

    <appender name="CONSOLE" class="ch.qos.logback.core.ConsoleAppender"
              target="System.out">
        <encoder>
            <pattern>%d{HH:mm:ss.SSS} [%thread] %-5level %logger{36} - %msg%n</pattern>
            <!--<pattern>%msg%n</pattern>-->
        </encoder>
        <target>System.out</target>
    </appender>

    <appender name="ERROR" class="ch.qos.logback.core.FileAppender">
        <File>${log.base.value}/error.log</File>
        <filter class="ch.qos.logback.classic.filter.ThresholdFilter">
            <level>ERROR</level>
        </filter>
        <encoder charset="utf-8">
            <pattern>[%date{yyyy-MM-dd HH:mm:ss.SSS}]-[%r]-[%t]-[%p]-[%logger]-[%C.%M]-[%line] %.-10000m%n</pattern>
        </encoder>
    </appender>

    <appender name="JOBEXECUTION"
              class="ch.qos.logback.classic.sift.SiftingAppender">
        <discriminator>
            <key>jobDatetime</key>
            <defaultValue>unknown</defaultValue>
        </discriminator>
        <sift>
            <appender name="JOBEXECUTION-${jobDatetime}" class="ch.qos.logback.core.FileAppender">
                <file>${log.base.value}/job/job-execution-${jobDatetime}.log</file>
                <append>false</append>
                <layout class="ch.qos.logback.classic.PatternLayout">
                    <pattern>%d{HH:mm:ss.SSS} [%thread] %-5level %logger{36} - %msg%n</pattern>
                </layout>
            </appender>
        </sift>
    </appender>

    <!-- Standard Output -->
    <appender name="SQLEXECUTION" class="ch.qos.logback.core.rolling.RollingFileAppender">
        <File>${log.base.value}/sql-execution.log</File>
        <rollingPolicy class="ch.qos.logback.core.rolling.TimeBasedRollingPolicy">
            <fileNamePattern>${log.base.value}/%d{yyyy-MM-dd}/sql-execution-%i.log</fileNamePattern>
            <timeBasedFileNamingAndTriggeringPolicy
                    class="ch.qos.logback.core.rolling.SizeAndTimeBasedFNATP">
                <!-- or whenever the file size reaches 20MB -->
                <maxFileSize>50MB</maxFileSize>
            </timeBasedFileNamingAndTriggeringPolicy>
            <maxHistory>30</maxHistory>
        </rollingPolicy>
        <encoder>
            <pattern>%d{HH:mm:ss.SSS} [%thread] %-5level %logger{36} - %msg%n</pattern>
        </encoder>
    </appender>

    <appender name="SHELLEXECUTION" class="ch.qos.logback.core.rolling.RollingFileAppender">
        <File>${log.base.value}/shell-execution.log</File>
        <rollingPolicy class="ch.qos.logback.core.rolling.TimeBasedRollingPolicy">
            <fileNamePattern>${log.base.value}/%d{yyyy-MM-dd}/shell-execution-%i.log</fileNamePattern>
            <timeBasedFileNamingAndTriggeringPolicy
                    class="ch.qos.logback.core.rolling.SizeAndTimeBasedFNATP">
                <!-- or whenever the file size reaches 20MB -->
                <maxFileSize>50MB</maxFileSize>
            </timeBasedFileNamingAndTriggeringPolicy>
            <maxHistory>30</maxHistory>
        </rollingPolicy>
        <encoder>
            <pattern>%d{HH:mm:ss.SSS} [%thread] %-5level %logger{36} - %msg%n</pattern>
        </encoder>
    </appender>

    <appender name="FILETRANSFER" class="ch.qos.logback.core.rolling.RollingFileAppender">
        <File>${log.base.value}/file-transfer.log</File>
        <rollingPolicy class="ch.qos.logback.core.rolling.TimeBasedRollingPolicy">
            <fileNamePattern>${log.base.value}/%d{yyyy-MM-dd}/file-transfer-%i.log</fileNamePattern>
            <timeBasedFileNamingAndTriggeringPolicy
                    class="ch.qos.logback.core.rolling.SizeAndTimeBasedFNATP">
                <!-- or whenever the file size reaches 20MB -->
                <maxFileSize>50MB</maxFileSize>
            </timeBasedFileNamingAndTriggeringPolicy>
            <maxHistory>30</maxHistory>
        </rollingPolicy>
        <encoder>
            <pattern>%d{HH:mm:ss.SSS} [%thread] %-5level %logger{36} - %msg%n</pattern>
        </encoder>
    </appender>

    <!-- Sql Logger
    <appender name="SQLEXECUTION"
              class="ch.qos.logback.classic.sift.SiftingAppender">
        <discriminator>
            <key>jobTimestamp</key>
            <defaultValue>unknown</defaultValue>
        </discriminator>
        <sift>
            <appender name="SQLEXECUTION-${jobTimestamp}" class="ch.qos.logback.core.FileAppender">
                <file>${log.base.value}/SqlExecution-${jobTimestamp}.log</file>
                <append>false</append>
                <layout class="ch.qos.logback.classic.PatternLayout">
                    <pattern>%d{HH:mm:ss.SSS} [%thread] %-5level %logger{36} - %msg%n</pattern>
                </layout>
            </appender>
        </sift>
    </appender>-->

    <!-- Sql Logger
    <appender name="SHELLEXECUTION"
              class="ch.qos.logback.classic.sift.SiftingAppender">
        <discriminator>
            <key>jobTimestamp</key>
            <defaultValue>unknown</defaultValue>
        </discriminator>
        <sift>
            <appender name="SHELLEXECUTION-${jobTimestamp}" class="ch.qos.logback.core.FileAppender">
                <file>${log.base.value}/ShellExecution-${jobTimestamp}.log</file>
                <append>false</append>
                <layout class="ch.qos.logback.classic.PatternLayout">
                    <pattern>%d{HH:mm:ss.SSS} [%thread] %-5level %logger{36} - %msg%n</pattern>
                </layout>
            </appender>
        </sift>
    </appender>-->

    <!-- File Transfer Logger
    <appender name="FILETRANSFER" class="ch.qos.logback.core.FileAppender">
        <File>${log.base.value}/FileTransfer.log</File>
        <filter class="ch.qos.logback.classic.filter.ThresholdFilter">
            <level>INFO</level>
        </filter>
        <encoder charset="utf-8">
            <pattern>[%date{yyyy-MM-dd HH:mm:ss.SSS}]-[%thread] - %msg%n</pattern>
        </encoder>
    </appender>-->

    <root level="debug">
        <appender-ref ref="CONSOLE"/>
        <appender-ref ref="FILE"/>
        <appender-ref ref="ERROR"/>
    </root>

    <logger name="JobLogger" level="INFO">
        <appender-ref ref="JOBEXECUTION"/>
    </logger>

    <logger name="SqlLogger" level="INFO">
        <appender-ref ref="SQLEXECUTION"/>
    </logger>

    <logger name="ShellLogger" level="INFO">
        <appender-ref ref="SHELLEXECUTION"/>
        <appender-ref ref="JOBEXECUTION"/>
    </logger>

    <logger name="FileTransferLogger" level="INFO">
        <appender-ref ref="FILETRANSFER"/>
        <appender-ref ref="JOBEXECUTION"/>
    </logger>

    <logger name="org.springframework">
        <level value="WARN"/>
    </logger>

    <logger name="org.hibernate">
        <level value="WARN"/>
    </logger>

</configuration>