<?xml version="1.0" encoding="UTF-8"?>
<beans xmlns="http://www.springframework.org/schema/beans" xmlns:xsi="http://www.w3.org/2001/XMLSchema-instance"
       xmlns:context="http://www.springframework.org/schema/context"
       xsi:schemaLocation="http://www.springframework.org/schema/beans http://www.springframework.org/schema/beans/spring-beans.xsd
			http://www.springframework.org/schema/context http://www.springframework.org/schema/context/spring-context.xsd">
    <context:annotation-config/>

    <context:component-scan base-package="com.aiatss.coast" />

    <bean id="loginFilter" class="com.aiatss.coast.deploymenttool.application.controller.LoginFilter"/>

    <!--<import resource="${data.source.file}" />-->
    <!--<import resource="jdbc.xml" />-->

    <!--<bean id="fileConfigHelper" class="com.aiatss.coast.trialrun.util.FileConfigHelper">-->
        <!--<property name="env" value="${prop.env}" />-->
        <!--<property name="configPath" value="${prop.configPath}" />-->
    <!--</bean>-->
    <!--<bean id="configProperties" class="org.springframework.beans.factory.config.PropertiesFactoryBean">-->
        <!--<property name="locations">-->
            <!--<list>-->
                <!--<value>classpath*:config.properties</value>-->
            <!--</list>-->
        <!--</property>-->
    <!--</bean>-->

</beans>
