<?xml version="1.0" encoding="UTF-8"?>
<beans default-autowire="byName"
       xmlns="http://www.springframework.org/schema/beans"
       xmlns:xsi="http://www.w3.org/2001/XMLSchema-instance"
       xmlns:aop="http://www.springframework.org/schema/aop"
       xmlns:tx="http://www.springframework.org/schema/tx"
       xmlns:jpa="http://www.springframework.org/schema/data/jpa"
       xsi:schemaLocation="http://www.springframework.org/schema/beans
       http://www.springframework.org/schema/beans/spring-beans.xsd
         http://www.springframework.org/schema/aop
         http://www.springframework.org/schema/aop/spring-aop.xsd
         http://www.springframework.org/schema/tx
         http://www.springframework.org/schema/tx/spring-tx.xsd
         http://www.springframework.org/schema/data/jpa http://www.springframework.org/schema/data/jpa/spring-jpa.xsd">

    <jpa:repositories base-package="com.aiatss.coast.deploymenttool.infrastructure.repository"
                      repository-impl-postfix="Impl"
                      entity-manager-factory-ref="entityManagerFactory" transaction-manager-ref="transactionManager"/>

    <bean id="entityManagerFactory" class="org.springframework.orm.jpa.LocalContainerEntityManagerFactoryBean">
        <property name="dataSource" ref="dataSource"/>
        <property name="packagesToScan" value="com.aiatss.coast.deploymenttool.infrastructure.persistence"/>
        <property name="persistenceProvider">
            <!--<bean class="org.hibernate.ejb.HibernatePersistence" />-->
            <bean class="org.hibernate.jpa.HibernatePersistenceProvider"/>
        </property>
        <property name="jpaVendorAdapter">
            <bean class="org.springframework.orm.jpa.vendor.HibernateJpaVendorAdapter">
                <property name="databasePlatform" value="org.hibernate.dialect.SQLServer2012Dialect"/>
                <!--<property name="databasePlatform" value="com.enigmabridge.hibernate.dialect.SQLiteDialect"/>-->
                <property name="showSql" value="true"/>
            </bean>
        </property>
        <property name="jpaDialect">
            <bean class="org.springframework.orm.jpa.vendor.HibernateJpaDialect"/>
        </property>
        <property name="jpaPropertyMap">
            <map>
                <entry key="hibernate.query.substitutions" value="true 1, false 0"/>
                <entry key="hibernate.default_batch_fetch_size" value="16"/>
                <entry key="hibernate.max_fetch_depth" value="2"/>
                <entry key="hibernate.generate_statistics" value="false"/>
                <entry key="hibernate.bytecode.use_reflection_optimizer" value="true"/>
                <entry key="hibernate.cache.use_second_level_cache" value="false"/>
                <entry key="hibernate.cache.use_query_cache" value="false"/>
                <entry key="hibernate.connection.autocommit" value="true"/>
            </map>
        </property>
    </bean>

    <bean id="dataSource" class="org.springframework.jndi.JndiObjectFactoryBean" lazy-init="true">
        <property name="jndiName" value="JDBC/COAST_DeploymentTool"/>
        <!--<property name="jndiName" value="java:comp/env/JDBC/COAST_DeploymentTool"/>-->
        <property name="proxyInterface" value="javax.sql.DataSource"/>
        <property name="resourceRef" value="true"/>
    </bean>

    <bean id="transactionManager" class="org.springframework.orm.jpa.JpaTransactionManager">
        <property name="entityManagerFactory" ref="entityManagerFactory"/>
    </bean>

    <tx:advice id="txAdvice">
        <tx:attributes>
            <tx:method name="*insert*" rollback-for="java.lang.Exception"/>
            <tx:method name="*create*" rollback-for="java.lang.Exception"/>
            <tx:method name="*update*" rollback-for="java.lang.Exception"/>
            <tx:method name="*delete*" rollback-for="java.lang.Exception"/>
            <tx:method name="executeSqlBatch" rollback-for="java.lang.Exception"/>
            <tx:method name="*" read-only="true"/>
        </tx:attributes>
    </tx:advice>

    <aop:config>
        <aop:pointcut id="allServiceMethod" expression="execution(* com.aiatss.coast.deploymenttool.*.*(..))"/>
        <aop:advisor pointcut-ref="allServiceMethod" advice-ref="txAdvice"/>
    </aop:config>

    <tx:annotation-driven/>

    <bean id="jdbcTemplate" class="org.springframework.jdbc.core.JdbcTemplate">
        <constructor-arg index="0" ref="dataSource"/>
    </bean>

    <aop:aspectj-autoproxy proxy-target-class="true"/>

</beans>
